<?xml version="1.0"?>
<root><rechnung><row><id>3</id><firma>BePHPUG</firma><anrede>Gruppe</anrede><name>Usergroup</name><vorname>Berliner PHP</vorname><strasse>Bergstrasse</strasse><hausnummer>3</hausnummer><postleitzahl>10115</postleitzahl><ort>Berlin</ort><row><id>4</id><kunde>3</kunde><beschreibung>FOP Vortrag Getr&#xE4;nke</beschreibung><preis>10</preis></row><row><id>5</id><kunde>3</kunde><beschreibung>Miete Kino</beschreibung><preis>100</preis></row><row><id>6</id><kunde>3</kunde><beschreibung>Votrag FOP</beschreibung><preis>600</preis></row></row></rechnung></root>
